Timestamp,Geographical_Area,Customer_Type,Electricity_Consumption (kWh),EV_Charging_Station_Location,EV_Charging_Station_Specifications,EV_Type,Charging_Habit,Number_of_EVs,Substation_ID
2020-01-10 18:00:00,Urban,Industrial,714.3944089325325,"(64.01943603679787, -129.53196438913122)",Type 2,Electric Car,Occasional,8,Substation_907
2020-01-22 17:00:00,Rural,Residential,554.3360192379935,"(48.447826648452946, -71.98859080823637)",Type 2,Electric Scooter,Weekly,5,Substation_907
2020-01-10 18:00:00,Urban,Industrial,714.3944089325325,"(64.01943603679787, -129.53196438913122)",Type 2,Electric Car,Occasional,8,Substation_907
2020-01-22 17:00:00,Rural,Residential,554.3360192379935,"(48.447826648452946, -71.98859080823637)",Type 2,Electric Scooter,Weekly,5,Substation_907
2020-01-10 18:00:00,Urban,Industrial,714.3944089325325,"(64.01943603679787, -129.53196438913122)",Type 2,Electric Car,Occasional,8,Substation_907
2020-01-10 18:00:00,Urban,Industrial,714.3944089325325,"(64.01943603679787, -129.53196438913122)",Type 2,Electric Car,Occasional,8,Substation_907
2020-01-10 18:00:00,Urban,Industrial,714.3944089325325,"(64.01943603679787, -129.53196438913122)",Type 2,Electric Car,Occasional,8,Substation_907
2020-01-22 17:00:00,Rural,Residential,554.3360192379935,"(48.447826648452946, -71.98859080823637)",Type 2,Electric Scooter,Weekly,5,Substation_907
2020-01-10 18:00:00,Urban,Industrial,714.3944089325325,"(64.01943603679787, -129.53196438913122)",Type 2,Electric Car,Occasional,8,Substation_907
2020-01-10 18:00:00,Urban,Industrial,714.3944089325325,"(64.01943603679787, -129.53196438913122)",Type 2,Electric Car,Occasional,8,Substation_907
2020-01-31 17:00:00,Suburban,Commercial,598.2690983945514,"(39.685330975854185, -79.05866186128154)",Type 2,Electric Scooter,Weekly,9,Substation_218
2020-02-03 22:00:00,Rural,Industrial,603.1844539468635,"(71.12835203250901, -112.20447844372978)",Type 2,Electric Scooter,Daily,2,Substation_218
2020-01-31 17:00:00,Suburban,Commercial,598.2690983945514,"(39.685330975854185, -79.05866186128154)",Type 2,Electric Scooter,Weekly,9,Substation_218
2020-02-03 22:00:00,Rural,Industrial,603.1844539468635,"(71.12835203250901, -112.20447844372978)",Type 2,Electric Scooter,Daily,2,Substation_218
2020-01-31 17:00:00,Suburban,Commercial,598.2690983945514,"(39.685330975854185, -79.05866186128154)",Type 2,Electric Scooter,Weekly,9,Substation_218
2020-01-31 17:00:00,Suburban,Commercial,598.2690983945514,"(39.685330975854185, -79.05866186128154)",Type 2,Electric Scooter,Weekly,9,Substation_218
2020-01-31 17:00:00,Suburban,Commercial,598.2690983945514,"(39.685330975854185, -79.05866186128154)",Type 2,Electric Scooter,Weekly,9,Substation_218
2020-02-03 22:00:00,Rural,Industrial,603.1844539468635,"(71.12835203250901, -112.20447844372978)",Type 2,Electric Scooter,Daily,2,Substation_218
2020-01-31 17:00:00,Suburban,Commercial,598.2690983945514,"(39.685330975854185, -79.05866186128154)",Type 2,Electric Scooter,Weekly,9,Substation_218
2020-01-31 17:00:00,Suburban,Commercial,598.2690983945514,"(39.685330975854185, -79.05866186128154)",Type 2,Electric Scooter,Weekly,9,Substation_218
2020-01-17 10:00:00,Rural,Residential,617.9440120721287,"(31.71555544496056, -83.48874575164818)",Type 1,Electric Scooter,Daily,5,Substation_339
2020-01-31 19:00:00,Rural,Residential,601.437006501813,"(58.3452670165313, -103.2236428306749)",DC Fast,Electric Bike,Weekly,4,Substation_339
2020-01-31 20:00:00,Rural,Industrial,315.9125768668355,"(56.60723022309851, -95.19852844633688)",Type 1,Electric Car,Weekly,2,Substation_339
2020-02-04 23:00:00,Rural,Residential,478.6011155774491,"(63.64849872711226, -106.63273460058349)",DC Fast,Electric Bike,Weekly,9,Substation_339
2020-01-31 20:00:00,Rural,Industrial,315.9125768668355,"(56.60723022309851, -95.19852844633688)",Type 1,Electric Car,Weekly,2,Substation_339
2020-02-04 23:00:00,Rural,Residential,478.6011155774491,"(63.64849872711226, -106.63273460058349)",DC Fast,Electric Bike,Weekly,9,Substation_339
2020-01-17 10:00:00,Rural,Residential,617.9440120721287,"(31.71555544496056, -83.48874575164818)",Type 1,Electric Scooter,Daily,5,Substation_339
2020-01-31 20:00:00,Rural,Industrial,315.9125768668355,"(56.60723022309851, -95.19852844633688)",Type 1,Electric Car,Weekly,2,Substation_339
2020-01-31 20:00:00,Rural,Industrial,315.9125768668355,"(56.60723022309851, -95.19852844633688)",Type 1,Electric Car,Weekly,2,Substation_339
2020-02-04 23:00:00,Rural,Residential,478.6011155774491,"(63.64849872711226, -106.63273460058349)",DC Fast,Electric Bike,Weekly,9,Substation_339
2020-01-28 12:00:00,Rural,Commercial,442.63379931197636,"(49.51589403576745, -91.21508784250089)",DC Fast,Electric Scooter,Weekly,1,Substation_773
2020-01-28 12:00:00,Rural,Commercial,442.63379931197636,"(49.51589403576745, -91.21508784250089)",DC Fast,Electric Scooter,Weekly,1,Substation_773
2020-01-28 12:00:00,Rural,Commercial,442.63379931197636,"(49.51589403576745, -91.21508784250089)",DC Fast,Electric Scooter,Weekly,1,Substation_773
2020-01-28 12:00:00,Rural,Commercial,442.63379931197636,"(49.51589403576745, -91.21508784250089)",DC Fast,Electric Scooter,Weekly,1,Substation_773
2020-01-28 12:00:00,Rural,Commercial,442.63379931197636,"(49.51589403576745, -91.21508784250089)",DC Fast,Electric Scooter,Weekly,1,Substation_773
2020-01-28 12:00:00,Rural,Commercial,442.63379931197636,"(49.51589403576745, -91.21508784250089)",DC Fast,Electric Scooter,Weekly,1,Substation_773
2020-01-28 12:00:00,Rural,Commercial,442.63379931197636,"(49.51589403576745, -91.21508784250089)",DC Fast,Electric Scooter,Weekly,1,Substation_773
2020-01-28 12:00:00,Rural,Commercial,442.63379931197636,"(49.51589403576745, -91.21508784250089)",DC Fast,Electric Scooter,Weekly,1,Substation_773
2020-01-28 12:00:00,Rural,Commercial,442.63379931197636,"(49.51589403576745, -91.21508784250089)",DC Fast,Electric Scooter,Weekly,1,Substation_773
2020-01-28 12:00:00,Rural,Commercial,442.63379931197636,"(49.51589403576745, -91.21508784250089)",DC Fast,Electric Scooter,Weekly,1,Substation_773
2020-01-17 02:00:00,Suburban,Residential,534.175597577716,"(59.74401438608888, -126.81459206736298)",Type 1,Electric Scooter,Daily,8,Substation_349
2020-01-18 03:00:00,Rural,Industrial,387.5357908162131,"(67.62913822425818, -70.33052522818811)",Type 1,Electric Scooter,Weekly,8,Substation_349
2020-01-17 02:00:00,Suburban,Residential,534.175597577716,"(59.74401438608888, -126.81459206736298)",Type 1,Electric Scooter,Daily,8,Substation_349
2020-01-18 03:00:00,Rural,Industrial,387.5357908162131,"(67.62913822425818, -70.33052522818811)",Type 1,Electric Scooter,Weekly,8,Substation_349
2020-01-17 02:00:00,Suburban,Residential,534.175597577716,"(59.74401438608888, -126.81459206736298)",Type 1,Electric Scooter,Daily,8,Substation_349
2020-01-17 02:00:00,Suburban,Residential,534.175597577716,"(59.74401438608888, -126.81459206736298)",Type 1,Electric Scooter,Daily,8,Substation_349
2020-01-17 02:00:00,Suburban,Residential,534.175597577716,"(59.74401438608888, -126.81459206736298)",Type 1,Electric Scooter,Daily,8,Substation_349
2020-01-18 03:00:00,Rural,Industrial,387.5357908162131,"(67.62913822425818, -70.33052522818811)",Type 1,Electric Scooter,Weekly,8,Substation_349
2020-01-17 02:00:00,Suburban,Residential,534.175597577716,"(59.74401438608888, -126.81459206736298)",Type 1,Electric Scooter,Daily,8,Substation_349
2020-01-17 02:00:00,Suburban,Residential,534.175597577716,"(59.74401438608888, -126.81459206736298)",Type 1,Electric Scooter,Daily,8,Substation_349
2020-01-29 06:00:00,Rural,Industrial,593.5678393147462,"(55.62965971037927, -108.49206982691737)",Type 2,Electric Scooter,Daily,2,Substation_752
2020-01-29 06:00:00,Rural,Industrial,593.5678393147462,"(55.62965971037927, -108.49206982691737)",Type 2,Electric Scooter,Daily,2,Substation_752
2020-01-29 06:00:00,Rural,Industrial,593.5678393147462,"(55.62965971037927, -108.49206982691737)",Type 2,Electric Scooter,Daily,2,Substation_752
2020-01-29 06:00:00,Rural,Industrial,593.5678393147462,"(55.62965971037927, -108.49206982691737)",Type 2,Electric Scooter,Daily,2,Substation_752
2020-01-29 06:00:00,Rural,Industrial,593.5678393147462,"(55.62965971037927, -108.49206982691737)",Type 2,Electric Scooter,Daily,2,Substation_752
2020-01-29 06:00:00,Rural,Industrial,593.5678393147462,"(55.62965971037927, -108.49206982691737)",Type 2,Electric Scooter,Daily,2,Substation_752
2020-01-29 06:00:00,Rural,Industrial,593.5678393147462,"(55.62965971037927, -108.49206982691737)",Type 2,Electric Scooter,Daily,2,Substation_752
2020-01-29 06:00:00,Rural,Industrial,593.5678393147462,"(55.62965971037927, -108.49206982691737)",Type 2,Electric Scooter,Daily,2,Substation_752
2020-01-29 06:00:00,Rural,Industrial,593.5678393147462,"(55.62965971037927, -108.49206982691737)",Type 2,Electric Scooter,Daily,2,Substation_752
2020-01-29 06:00:00,Rural,Industrial,593.5678393147462,"(55.62965971037927, -108.49206982691737)",Type 2,Electric Scooter,Daily,2,Substation_752
2020-01-27 02:00:00,Urban,Commercial,401.0395179741419,"(23.802234393895034, -102.21457458157573)",Type 2,Electric Bike,Occasional,6,Substation_294
2020-01-27 02:00:00,Urban,Commercial,401.0395179741419,"(23.802234393895034, -102.21457458157573)",Type 2,Electric Bike,Occasional,6,Substation_294
2020-01-27 02:00:00,Urban,Commercial,401.0395179741419,"(23.802234393895034, -102.21457458157573)",Type 2,Electric Bike,Occasional,6,Substation_294
2020-01-27 02:00:00,Urban,Commercial,401.0395179741419,"(23.802234393895034, -102.21457458157573)",Type 2,Electric Bike,Occasional,6,Substation_294
2020-01-27 02:00:00,Urban,Commercial,401.0395179741419,"(23.802234393895034, -102.21457458157573)",Type 2,Electric Bike,Occasional,6,Substation_294
2020-01-27 02:00:00,Urban,Commercial,401.0395179741419,"(23.802234393895034, -102.21457458157573)",Type 2,Electric Bike,Occasional,6,Substation_294
2020-01-27 02:00:00,Urban,Commercial,401.0395179741419,"(23.802234393895034, -102.21457458157573)",Type 2,Electric Bike,Occasional,6,Substation_294
2020-01-27 02:00:00,Urban,Commercial,401.0395179741419,"(23.802234393895034, -102.21457458157573)",Type 2,Electric Bike,Occasional,6,Substation_294
2020-01-27 02:00:00,Urban,Commercial,401.0395179741419,"(23.802234393895034, -102.21457458157573)",Type 2,Electric Bike,Occasional,6,Substation_294
2020-01-27 02:00:00,Urban,Commercial,401.0395179741419,"(23.802234393895034, -102.21457458157573)",Type 2,Electric Bike,Occasional,6,Substation_294
2020-01-22 09:00:00,Urban,Industrial,409.2436337958402,"(42.59367215848742, -122.95266837141226)",Type 2,Electric Bike,Occasional,8,Substation_301
2020-01-28 22:00:00,Rural,Commercial,624.6085192497629,"(61.34421500980825, -130.02744932373147)",Type 2,Electric Scooter,Weekly,9,Substation_301
2020-01-22 09:00:00,Urban,Industrial,409.2436337958402,"(42.59367215848742, -122.95266837141226)",Type 2,Electric Bike,Occasional,8,Substation_301
2020-01-28 22:00:00,Rural,Commercial,624.6085192497629,"(61.34421500980825, -130.02744932373147)",Type 2,Electric Scooter,Weekly,9,Substation_301
2020-01-22 09:00:00,Urban,Industrial,409.2436337958402,"(42.59367215848742, -122.95266837141226)",Type 2,Electric Bike,Occasional,8,Substation_301
2020-01-22 09:00:00,Urban,Industrial,409.2436337958402,"(42.59367215848742, -122.95266837141226)",Type 2,Electric Bike,Occasional,8,Substation_301
2020-01-22 09:00:00,Urban,Industrial,409.2436337958402,"(42.59367215848742, -122.95266837141226)",Type 2,Electric Bike,Occasional,8,Substation_301
2020-01-28 22:00:00,Rural,Commercial,624.6085192497629,"(61.34421500980825, -130.02744932373147)",Type 2,Electric Scooter,Weekly,9,Substation_301
2020-01-22 09:00:00,Urban,Industrial,409.2436337958402,"(42.59367215848742, -122.95266837141226)",Type 2,Electric Bike,Occasional,8,Substation_301
2020-01-22 09:00:00,Urban,Industrial,409.2436337958402,"(42.59367215848742, -122.95266837141226)",Type 2,Electric Bike,Occasional,8,Substation_301
2020-01-13 14:00:00,Rural,Residential,574.7293605123261,"(50.12380941227181, -67.64456612651625)",Type 2,Electric Car,Weekly,6,Substation_443
2020-01-20 20:00:00,Urban,Commercial,557.6556963055766,"(18.36750349531624, -90.51721180348756)",Type 1,Electric Bike,Daily,4,Substation_443
2020-02-05 19:00:00,Suburban,Commercial,563.293181775551,"(80.99215803008022, -78.29170056920923)",Type 2,Electric Scooter,Weekly,8,Substation_443
2020-02-05 19:00:00,Suburban,Commercial,563.293181775551,"(80.99215803008022, -78.29170056920923)",Type 2,Electric Scooter,Weekly,8,Substation_443
2020-01-13 14:00:00,Rural,Residential,574.7293605123261,"(50.12380941227181, -67.64456612651625)",Type 2,Electric Car,Weekly,6,Substation_443
2020-02-05 19:00:00,Suburban,Commercial,563.293181775551,"(80.99215803008022, -78.29170056920923)",Type 2,Electric Scooter,Weekly,8,Substation_443
2020-02-05 19:00:00,Suburban,Commercial,563.293181775551,"(80.99215803008022, -78.29170056920923)",Type 2,Electric Scooter,Weekly,8,Substation_443
2020-01-13 14:00:00,Rural,Residential,574.7293605123261,"(50.12380941227181, -67.64456612651625)",Type 2,Electric Car,Weekly,6,Substation_443
2020-01-13 14:00:00,Rural,Residential,574.7293605123261,"(50.12380941227181, -67.64456612651625)",Type 2,Electric Car,Weekly,6,Substation_443
2020-02-05 19:00:00,Suburban,Commercial,563.293181775551,"(80.99215803008022, -78.29170056920923)",Type 2,Electric Scooter,Weekly,8,Substation_443
2020-01-06 16:00:00,Suburban,Commercial,421.67467076637627,"(17.721708017690613, -99.11497795177716)",Type 2,Electric Scooter,Occasional,5,Substation_996
2020-01-12 02:00:00,Urban,Commercial,663.2411303931635,"(65.19044555452751, -84.60522615971269)",Type 1,Electric Bike,Daily,5,Substation_996
2020-01-06 16:00:00,Suburban,Commercial,421.67467076637627,"(17.721708017690613, -99.11497795177716)",Type 2,Electric Scooter,Occasional,5,Substation_996
2020-01-12 02:00:00,Urban,Commercial,663.2411303931635,"(65.19044555452751, -84.60522615971269)",Type 1,Electric Bike,Daily,5,Substation_996
2020-01-06 16:00:00,Suburban,Commercial,421.67467076637627,"(17.721708017690613, -99.11497795177716)",Type 2,Electric Scooter,Occasional,5,Substation_996
2020-01-06 16:00:00,Suburban,Commercial,421.67467076637627,"(17.721708017690613, -99.11497795177716)",Type 2,Electric Scooter,Occasional,5,Substation_996
2020-01-06 16:00:00,Suburban,Commercial,421.67467076637627,"(17.721708017690613, -99.11497795177716)",Type 2,Electric Scooter,Occasional,5,Substation_996
2020-01-12 02:00:00,Urban,Commercial,663.2411303931635,"(65.19044555452751, -84.60522615971269)",Type 1,Electric Bike,Daily,5,Substation_996
2020-01-06 16:00:00,Suburban,Commercial,421.67467076637627,"(17.721708017690613, -99.11497795177716)",Type 2,Electric Scooter,Occasional,5,Substation_996
2020-01-06 16:00:00,Suburban,Commercial,421.67467076637627,"(17.721708017690613, -99.11497795177716)",Type 2,Electric Scooter,Occasional,5,Substation_996
2020-01-25 09:00:00,Rural,Residential,524.8220586300336,"(57.1972443978964, -118.5395115592672)",Type 2,Electric Car,Occasional,4,Substation_686
2020-02-03 19:00:00,Urban,Commercial,456.0268941725825,"(64.41869373414968, -129.24639232762797)",Type 2,Electric Car,Occasional,3,Substation_686
2020-01-25 09:00:00,Rural,Residential,524.8220586300336,"(57.1972443978964, -118.5395115592672)",Type 2,Electric Car,Occasional,4,Substation_686
2020-02-03 19:00:00,Urban,Commercial,456.0268941725825,"(64.41869373414968, -129.24639232762797)",Type 2,Electric Car,Occasional,3,Substation_686
2020-01-25 09:00:00,Rural,Residential,524.8220586300336,"(57.1972443978964, -118.5395115592672)",Type 2,Electric Car,Occasional,4,Substation_686
2020-01-25 09:00:00,Rural,Residential,524.8220586300336,"(57.1972443978964, -118.5395115592672)",Type 2,Electric Car,Occasional,4,Substation_686
2020-01-25 09:00:00,Rural,Residential,524.8220586300336,"(57.1972443978964, -118.5395115592672)",Type 2,Electric Car,Occasional,4,Substation_686
2020-02-03 19:00:00,Urban,Commercial,456.0268941725825,"(64.41869373414968, -129.24639232762797)",Type 2,Electric Car,Occasional,3,Substation_686
2020-01-25 09:00:00,Rural,Residential,524.8220586300336,"(57.1972443978964, -118.5395115592672)",Type 2,Electric Car,Occasional,4,Substation_686
2020-01-25 09:00:00,Rural,Residential,524.8220586300336,"(57.1972443978964, -118.5395115592672)",Type 2,Electric Car,Occasional,4,Substation_686
2020-01-04 04:00:00,Suburban,Commercial,508.7047068238171,"(56.63495958101239, -104.05839910021407)",DC Fast,Electric Car,Weekly,1,Substation_261
2020-01-29 19:00:00,Suburban,Commercial,615.9329803364249,"(65.86449157529603, -73.86120020744025)",Type 1,Electric Car,Daily,6,Substation_261
2020-01-04 04:00:00,Suburban,Commercial,508.7047068238171,"(56.63495958101239, -104.05839910021407)",DC Fast,Electric Car,Weekly,1,Substation_261
2020-01-29 19:00:00,Suburban,Commercial,615.9329803364249,"(65.86449157529603, -73.86120020744025)",Type 1,Electric Car,Daily,6,Substation_261
2020-01-04 04:00:00,Suburban,Commercial,508.7047068238171,"(56.63495958101239, -104.05839910021407)",DC Fast,Electric Car,Weekly,1,Substation_261
2020-01-04 04:00:00,Suburban,Commercial,508.7047068238171,"(56.63495958101239, -104.05839910021407)",DC Fast,Electric Car,Weekly,1,Substation_261
2020-01-04 04:00:00,Suburban,Commercial,508.7047068238171,"(56.63495958101239, -104.05839910021407)",DC Fast,Electric Car,Weekly,1,Substation_261
2020-01-29 19:00:00,Suburban,Commercial,615.9329803364249,"(65.86449157529603, -73.86120020744025)",Type 1,Electric Car,Daily,6,Substation_261
2020-01-04 04:00:00,Suburban,Commercial,508.7047068238171,"(56.63495958101239, -104.05839910021407)",DC Fast,Electric Car,Weekly,1,Substation_261
2020-01-04 04:00:00,Suburban,Commercial,508.7047068238171,"(56.63495958101239, -104.05839910021407)",DC Fast,Electric Car,Weekly,1,Substation_261
2020-01-27 12:00:00,Rural,Residential,582.3170583961914,"(65.83130829102805, -118.37841216195905)",DC Fast,Electric Car,Weekly,8,Substation_999
2020-02-04 09:00:00,Rural,Industrial,645.3384477117701,"(32.48041123490364, -91.27862161955899)",Type 2,Electric Car,Daily,6,Substation_999
2020-01-27 12:00:00,Rural,Residential,582.3170583961914,"(65.83130829102805, -118.37841216195905)",DC Fast,Electric Car,Weekly,8,Substation_999
2020-02-04 09:00:00,Rural,Industrial,645.3384477117701,"(32.48041123490364, -91.27862161955899)",Type 2,Electric Car,Daily,6,Substation_999
2020-01-27 12:00:00,Rural,Residential,582.3170583961914,"(65.83130829102805, -118.37841216195905)",DC Fast,Electric Car,Weekly,8,Substation_999
2020-01-27 12:00:00,Rural,Residential,582.3170583961914,"(65.83130829102805, -118.37841216195905)",DC Fast,Electric Car,Weekly,8,Substation_999
2020-01-27 12:00:00,Rural,Residential,582.3170583961914,"(65.83130829102805, -118.37841216195905)",DC Fast,Electric Car,Weekly,8,Substation_999
2020-02-04 09:00:00,Rural,Industrial,645.3384477117701,"(32.48041123490364, -91.27862161955899)",Type 2,Electric Car,Daily,6,Substation_999
2020-01-27 12:00:00,Rural,Residential,582.3170583961914,"(65.83130829102805, -118.37841216195905)",DC Fast,Electric Car,Weekly,8,Substation_999
2020-01-27 12:00:00,Rural,Residential,582.3170583961914,"(65.83130829102805, -118.37841216195905)",DC Fast,Electric Car,Weekly,8,Substation_999
2020-01-16 08:00:00,Rural,Commercial,509.7676098548832,"(54.382747160611096, -105.9717736113455)",Type 2,Electric Scooter,Occasional,4,Substation_562
2020-02-10 10:00:00,Rural,Industrial,512.8104414910789,"(68.48667014248917, -163.6617839328701)",Type 1,Electric Scooter,Daily,6,Substation_562
2020-02-10 13:00:00,Urban,Industrial,434.7376020697609,"(31.555954225406424, -85.80922972748151)",Type 1,Electric Bike,Occasional,3,Substation_562
2020-02-10 13:00:00,Urban,Industrial,434.7376020697609,"(31.555954225406424, -85.80922972748151)",Type 1,Electric Bike,Occasional,3,Substation_562
2020-01-16 08:00:00,Rural,Commercial,509.7676098548832,"(54.382747160611096, -105.9717736113455)",Type 2,Electric Scooter,Occasional,4,Substation_562
2020-02-10 13:00:00,Urban,Industrial,434.7376020697609,"(31.555954225406424, -85.80922972748151)",Type 1,Electric Bike,Occasional,3,Substation_562
2020-02-10 13:00:00,Urban,Industrial,434.7376020697609,"(31.555954225406424, -85.80922972748151)",Type 1,Electric Bike,Occasional,3,Substation_562
2020-01-16 08:00:00,Rural,Commercial,509.7676098548832,"(54.382747160611096, -105.9717736113455)",Type 2,Electric Scooter,Occasional,4,Substation_562
2020-01-16 08:00:00,Rural,Commercial,509.7676098548832,"(54.382747160611096, -105.9717736113455)",Type 2,Electric Scooter,Occasional,4,Substation_562
2020-02-10 13:00:00,Urban,Industrial,434.7376020697609,"(31.555954225406424, -85.80922972748151)",Type 1,Electric Bike,Occasional,3,Substation_562
2020-02-09 02:00:00,Rural,Commercial,524.3800713771199,"(63.583093067725756, -127.86651050403304)",Type 2,Electric Bike,Occasional,4,Substation_87
2020-02-09 02:00:00,Rural,Commercial,524.3800713771199,"(63.583093067725756, -127.86651050403304)",Type 2,Electric Bike,Occasional,4,Substation_87
2020-02-09 02:00:00,Rural,Commercial,524.3800713771199,"(63.583093067725756, -127.86651050403304)",Type 2,Electric Bike,Occasional,4,Substation_87
2020-02-09 02:00:00,Rural,Commercial,524.3800713771199,"(63.583093067725756, -127.86651050403304)",Type 2,Electric Bike,Occasional,4,Substation_87
2020-02-09 02:00:00,Rural,Commercial,524.3800713771199,"(63.583093067725756, -127.86651050403304)",Type 2,Electric Bike,Occasional,4,Substation_87
2020-02-09 02:00:00,Rural,Commercial,524.3800713771199,"(63.583093067725756, -127.86651050403304)",Type 2,Electric Bike,Occasional,4,Substation_87
2020-02-09 02:00:00,Rural,Commercial,524.3800713771199,"(63.583093067725756, -127.86651050403304)",Type 2,Electric Bike,Occasional,4,Substation_87
2020-02-09 02:00:00,Rural,Commercial,524.3800713771199,"(63.583093067725756, -127.86651050403304)",Type 2,Electric Bike,Occasional,4,Substation_87
2020-02-09 02:00:00,Rural,Commercial,524.3800713771199,"(63.583093067725756, -127.86651050403304)",Type 2,Electric Bike,Occasional,4,Substation_87
2020-02-09 02:00:00,Rural,Commercial,524.3800713771199,"(63.583093067725756, -127.86651050403304)",Type 2,Electric Bike,Occasional,4,Substation_87
2020-01-24 20:00:00,Rural,Commercial,532.6927373764163,"(68.44137379165277, -128.443379390295)",Type 1,Electric Scooter,Daily,6,Substation_546
2020-02-03 14:00:00,Urban,Commercial,522.2133771633713,"(45.03883971006279, -99.71740555254321)",DC Fast,Electric Car,Daily,4,Substation_546
2020-02-07 11:00:00,Rural,Industrial,418.30643290127637,"(65.4410723724078, -163.07952506278295)",Type 2,Electric Car,Daily,3,Substation_546
2020-02-07 11:00:00,Rural,Industrial,418.30643290127637,"(65.4410723724078, -163.07952506278295)",Type 2,Electric Car,Daily,3,Substation_546
2020-01-24 20:00:00,Rural,Commercial,532.6927373764163,"(68.44137379165277, -128.443379390295)",Type 1,Electric Scooter,Daily,6,Substation_546
2020-02-07 11:00:00,Rural,Industrial,418.30643290127637,"(65.4410723724078, -163.07952506278295)",Type 2,Electric Car,Daily,3,Substation_546
2020-02-07 11:00:00,Rural,Industrial,418.30643290127637,"(65.4410723724078, -163.07952506278295)",Type 2,Electric Car,Daily,3,Substation_546
2020-01-24 20:00:00,Rural,Commercial,532.6927373764163,"(68.44137379165277, -128.443379390295)",Type 1,Electric Scooter,Daily,6,Substation_546
2020-01-24 20:00:00,Rural,Commercial,532.6927373764163,"(68.44137379165277, -128.443379390295)",Type 1,Electric Scooter,Daily,6,Substation_546
2020-02-07 11:00:00,Rural,Industrial,418.30643290127637,"(65.4410723724078, -163.07952506278295)",Type 2,Electric Car,Daily,3,Substation_546
2020-01-12 16:00:00,Rural,Industrial,511.3517345251248,"(37.552332968215374, -76.92802923287933)",Type 2,Electric Car,Daily,8,Substation_321
2020-01-23 01:00:00,Urban,Industrial,409.56833748955916,"(35.98432353854794, -103.49182283356195)",Type 1,Electric Car,Weekly,1,Substation_321
2020-01-12 16:00:00,Rural,Industrial,511.3517345251248,"(37.552332968215374, -76.92802923287933)",Type 2,Electric Car,Daily,8,Substation_321
2020-01-23 01:00:00,Urban,Industrial,409.56833748955916,"(35.98432353854794, -103.49182283356195)",Type 1,Electric Car,Weekly,1,Substation_321
2020-01-12 16:00:00,Rural,Industrial,511.3517345251248,"(37.552332968215374, -76.92802923287933)",Type 2,Electric Car,Daily,8,Substation_321
2020-01-12 16:00:00,Rural,Industrial,511.3517345251248,"(37.552332968215374, -76.92802923287933)",Type 2,Electric Car,Daily,8,Substation_321
2020-01-12 16:00:00,Rural,Industrial,511.3517345251248,"(37.552332968215374, -76.92802923287933)",Type 2,Electric Car,Daily,8,Substation_321
2020-01-23 01:00:00,Urban,Industrial,409.56833748955916,"(35.98432353854794, -103.49182283356195)",Type 1,Electric Car,Weekly,1,Substation_321
2020-01-12 16:00:00,Rural,Industrial,511.3517345251248,"(37.552332968215374, -76.92802923287933)",Type 2,Electric Car,Daily,8,Substation_321
2020-01-12 16:00:00,Rural,Industrial,511.3517345251248,"(37.552332968215374, -76.92802923287933)",Type 2,Electric Car,Daily,8,Substation_321
2020-01-31 06:00:00,Rural,Industrial,501.8433933065393,"(49.38458750076698, -91.55209613179501)",Type 2,Electric Scooter,Daily,4,Substation_805
2020-02-06 19:00:00,Suburban,Industrial,604.4160877069072,"(69.19271089399996, -144.2277146241482)",Type 2,Electric Car,Occasional,6,Substation_805
2020-01-31 06:00:00,Rural,Industrial,501.8433933065393,"(49.38458750076698, -91.55209613179501)",Type 2,Electric Scooter,Daily,4,Substation_805
2020-02-06 19:00:00,Suburban,Industrial,604.4160877069072,"(69.19271089399996, -144.2277146241482)",Type 2,Electric Car,Occasional,6,Substation_805
2020-01-31 06:00:00,Rural,Industrial,501.8433933065393,"(49.38458750076698, -91.55209613179501)",Type 2,Electric Scooter,Daily,4,Substation_805
2020-01-31 06:00:00,Rural,Industrial,501.8433933065393,"(49.38458750076698, -91.55209613179501)",Type 2,Electric Scooter,Daily,4,Substation_805
2020-01-31 06:00:00,Rural,Industrial,501.8433933065393,"(49.38458750076698, -91.55209613179501)",Type 2,Electric Scooter,Daily,4,Substation_805
2020-02-06 19:00:00,Suburban,Industrial,604.4160877069072,"(69.19271089399996, -144.2277146241482)",Type 2,Electric Car,Occasional,6,Substation_805
2020-01-31 06:00:00,Rural,Industrial,501.8433933065393,"(49.38458750076698, -91.55209613179501)",Type 2,Electric Scooter,Daily,4,Substation_805
2020-01-31 06:00:00,Rural,Industrial,501.8433933065393,"(49.38458750076698, -91.55209613179501)",Type 2,Electric Scooter,Daily,4,Substation_805
2020-02-01 17:00:00,Suburban,Residential,512.2009814645362,"(70.33581932267161, -95.11310188840945)",DC Fast,Electric Scooter,Occasional,4,Substation_628
2020-02-01 17:00:00,Suburban,Residential,512.2009814645362,"(70.33581932267161, -95.11310188840945)",DC Fast,Electric Scooter,Occasional,4,Substation_628
2020-02-01 17:00:00,Suburban,Residential,512.2009814645362,"(70.33581932267161, -95.11310188840945)",DC Fast,Electric Scooter,Occasional,4,Substation_628
2020-02-01 17:00:00,Suburban,Residential,512.2009814645362,"(70.33581932267161, -95.11310188840945)",DC Fast,Electric Scooter,Occasional,4,Substation_628
2020-02-01 17:00:00,Suburban,Residential,512.2009814645362,"(70.33581932267161, -95.11310188840945)",DC Fast,Electric Scooter,Occasional,4,Substation_628
2020-02-01 17:00:00,Suburban,Residential,512.2009814645362,"(70.33581932267161, -95.11310188840945)",DC Fast,Electric Scooter,Occasional,4,Substation_628
2020-02-01 17:00:00,Suburban,Residential,512.2009814645362,"(70.33581932267161, -95.11310188840945)",DC Fast,Electric Scooter,Occasional,4,Substation_628
2020-02-01 17:00:00,Suburban,Residential,512.2009814645362,"(70.33581932267161, -95.11310188840945)",DC Fast,Electric Scooter,Occasional,4,Substation_628
2020-02-01 17:00:00,Suburban,Residential,512.2009814645362,"(70.33581932267161, -95.11310188840945)",DC Fast,Electric Scooter,Occasional,4,Substation_628
2020-02-01 17:00:00,Suburban,Residential,512.2009814645362,"(70.33581932267161, -95.11310188840945)",DC Fast,Electric Scooter,Occasional,4,Substation_628
2020-01-14 07:00:00,Urban,Residential,486.98569456323156,"(31.57926468770396, -112.34086442203312)",DC Fast,Electric Scooter,Weekly,8,Substation_11
2020-02-08 12:00:00,Rural,Commercial,619.5046628924842,"(41.182658818045226, -92.7344708533918)",Type 2,Electric Scooter,Daily,3,Substation_11
2020-01-14 07:00:00,Urban,Residential,486.98569456323156,"(31.57926468770396, -112.34086442203312)",DC Fast,Electric Scooter,Weekly,8,Substation_11
2020-02-08 12:00:00,Rural,Commercial,619.5046628924842,"(41.182658818045226, -92.7344708533918)",Type 2,Electric Scooter,Daily,3,Substation_11
2020-01-14 07:00:00,Urban,Residential,486.98569456323156,"(31.57926468770396, -112.34086442203312)",DC Fast,Electric Scooter,Weekly,8,Substation_11
2020-01-14 07:00:00,Urban,Residential,486.98569456323156,"(31.57926468770396, -112.34086442203312)",DC Fast,Electric Scooter,Weekly,8,Substation_11
2020-01-14 07:00:00,Urban,Residential,486.98569456323156,"(31.57926468770396, -112.34086442203312)",DC Fast,Electric Scooter,Weekly,8,Substation_11
2020-02-08 12:00:00,Rural,Commercial,619.5046628924842,"(41.182658818045226, -92.7344708533918)",Type 2,Electric Scooter,Daily,3,Substation_11
2020-01-14 07:00:00,Urban,Residential,486.98569456323156,"(31.57926468770396, -112.34086442203312)",DC Fast,Electric Scooter,Weekly,8,Substation_11
2020-01-14 07:00:00,Urban,Residential,486.98569456323156,"(31.57926468770396, -112.34086442203312)",DC Fast,Electric Scooter,Weekly,8,Substation_11
2020-01-23 21:00:00,Suburban,Residential,439.60148132841795,"(59.75276235667758, -154.76116374443157)",Type 2,Electric Car,Weekly,1,Substation_981
2020-02-01 21:00:00,Suburban,Commercial,429.68235748741125,"(67.69970325227828, -117.90312141777113)",Type 2,Electric Car,Occasional,4,Substation_981
2020-01-23 21:00:00,Suburban,Residential,439.60148132841795,"(59.75276235667758, -154.76116374443157)",Type 2,Electric Car,Weekly,1,Substation_981
2020-02-01 21:00:00,Suburban,Commercial,429.68235748741125,"(67.69970325227828, -117.90312141777113)",Type 2,Electric Car,Occasional,4,Substation_981
2020-01-23 21:00:00,Suburban,Residential,439.60148132841795,"(59.75276235667758, -154.76116374443157)",Type 2,Electric Car,Weekly,1,Substation_981
2020-01-23 21:00:00,Suburban,Residential,439.60148132841795,"(59.75276235667758, -154.76116374443157)",Type 2,Electric Car,Weekly,1,Substation_981
2020-01-23 21:00:00,Suburban,Residential,439.60148132841795,"(59.75276235667758, -154.76116374443157)",Type 2,Electric Car,Weekly,1,Substation_981
2020-02-01 21:00:00,Suburban,Commercial,429.68235748741125,"(67.69970325227828, -117.90312141777113)",Type 2,Electric Car,Occasional,4,Substation_981
2020-01-23 21:00:00,Suburban,Residential,439.60148132841795,"(59.75276235667758, -154.76116374443157)",Type 2,Electric Car,Weekly,1,Substation_981
2020-01-23 21:00:00,Suburban,Residential,439.60148132841795,"(59.75276235667758, -154.76116374443157)",Type 2,Electric Car,Weekly,1,Substation_981
2020-01-08 06:00:00,Rural,Residential,527.6690799330019,"(56.05661070603219, -63.49569994691531)",Type 2,Electric Scooter,Daily,6,Substation_659
2020-01-08 06:00:00,Rural,Residential,527.6690799330019,"(56.05661070603219, -63.49569994691531)",Type 2,Electric Scooter,Daily,6,Substation_659
2020-01-08 06:00:00,Rural,Residential,527.6690799330019,"(56.05661070603219, -63.49569994691531)",Type 2,Electric Scooter,Daily,6,Substation_659
2020-01-08 06:00:00,Rural,Residential,527.6690799330019,"(56.05661070603219, -63.49569994691531)",Type 2,Electric Scooter,Daily,6,Substation_659
2020-01-08 06:00:00,Rural,Residential,527.6690799330019,"(56.05661070603219, -63.49569994691531)",Type 2,Electric Scooter,Daily,6,Substation_659
2020-01-08 06:00:00,Rural,Residential,527.6690799330019,"(56.05661070603219, -63.49569994691531)",Type 2,Electric Scooter,Daily,6,Substation_659
2020-01-08 06:00:00,Rural,Residential,527.6690799330019,"(56.05661070603219, -63.49569994691531)",Type 2,Electric Scooter,Daily,6,Substation_659
2020-01-08 06:00:00,Rural,Residential,527.6690799330019,"(56.05661070603219, -63.49569994691531)",Type 2,Electric Scooter,Daily,6,Substation_659
2020-01-08 06:00:00,Rural,Residential,527.6690799330019,"(56.05661070603219, -63.49569994691531)",Type 2,Electric Scooter,Daily,6,Substation_659
2020-01-08 06:00:00,Rural,Residential,527.6690799330019,"(56.05661070603219, -63.49569994691531)",Type 2,Electric Scooter,Daily,6,Substation_659
2020-01-16 11:00:00,Rural,Commercial,549.799829124545,"(58.48549205030958, -95.60402910486928)",DC Fast,Electric Scooter,Daily,5,Substation_93
2020-01-16 11:00:00,Rural,Commercial,549.799829124545,"(58.48549205030958, -95.60402910486928)",DC Fast,Electric Scooter,Daily,5,Substation_93
2020-01-16 11:00:00,Rural,Commercial,549.799829124545,"(58.48549205030958, -95.60402910486928)",DC Fast,Electric Scooter,Daily,5,Substation_93
2020-01-16 11:00:00,Rural,Commercial,549.799829124545,"(58.48549205030958, -95.60402910486928)",DC Fast,Electric Scooter,Daily,5,Substation_93
2020-01-16 11:00:00,Rural,Commercial,549.799829124545,"(58.48549205030958, -95.60402910486928)",DC Fast,Electric Scooter,Daily,5,Substation_93
2020-01-16 11:00:00,Rural,Commercial,549.799829124545,"(58.48549205030958, -95.60402910486928)",DC Fast,Electric Scooter,Daily,5,Substation_93
2020-01-16 11:00:00,Rural,Commercial,549.799829124545,"(58.48549205030958, -95.60402910486928)",DC Fast,Electric Scooter,Daily,5,Substation_93
2020-01-16 11:00:00,Rural,Commercial,549.799829124545,"(58.48549205030958, -95.60402910486928)",DC Fast,Electric Scooter,Daily,5,Substation_93
2020-01-16 11:00:00,Rural,Commercial,549.799829124545,"(58.48549205030958, -95.60402910486928)",DC Fast,Electric Scooter,Daily,5,Substation_93
2020-01-16 11:00:00,Rural,Commercial,549.799829124545,"(58.48549205030958, -95.60402910486928)",DC Fast,Electric Scooter,Daily,5,Substation_93
2020-01-04 23:00:00,Urban,Industrial,353.64850518678816,"(61.031159154790245, -103.17200554726404)",DC Fast,Electric Car,Daily,8,Substation_560
2020-01-18 10:00:00,Urban,Industrial,617.9297184063827,"(68.24304510664354, -93.52940205707596)",DC Fast,Electric Scooter,Daily,7,Substation_560
2020-01-22 23:00:00,Urban,Commercial,504.8084946661382,"(55.33367618124246, -130.48553006290325)",DC Fast,Electric Bike,Weekly,9,Substation_560
2020-02-09 00:00:00,Suburban,Commercial,397.8767182869287,"(71.30779397005318, -93.31720798539803)",Type 2,Electric Bike,Weekly,3,Substation_560
2020-01-22 23:00:00,Urban,Commercial,504.8084946661382,"(55.33367618124246, -130.48553006290325)",DC Fast,Electric Bike,Weekly,9,Substation_560
2020-02-09 00:00:00,Suburban,Commercial,397.8767182869287,"(71.30779397005318, -93.31720798539803)",Type 2,Electric Bike,Weekly,3,Substation_560
2020-01-04 23:00:00,Urban,Industrial,353.64850518678816,"(61.031159154790245, -103.17200554726404)",DC Fast,Electric Car,Daily,8,Substation_560
2020-01-22 23:00:00,Urban,Commercial,504.8084946661382,"(55.33367618124246, -130.48553006290325)",DC Fast,Electric Bike,Weekly,9,Substation_560
2020-01-22 23:00:00,Urban,Commercial,504.8084946661382,"(55.33367618124246, -130.48553006290325)",DC Fast,Electric Bike,Weekly,9,Substation_560
2020-02-09 00:00:00,Suburban,Commercial,397.8767182869287,"(71.30779397005318, -93.31720798539803)",Type 2,Electric Bike,Weekly,3,Substation_560
2020-01-09 18:00:00,Urban,Industrial,557.0890510693167,"(39.46880983489119, -98.254244302632)",Type 2,Electric Scooter,Daily,5,Substation_978
2020-01-13 04:00:00,Rural,Industrial,441.0635243055788,"(69.56202199634798, -158.64155031226102)",Type 1,Electric Car,Occasional,7,Substation_978
2020-01-09 18:00:00,Urban,Industrial,557.0890510693167,"(39.46880983489119, -98.254244302632)",Type 2,Electric Scooter,Daily,5,Substation_978
2020-01-13 04:00:00,Rural,Industrial,441.0635243055788,"(69.56202199634798, -158.64155031226102)",Type 1,Electric Car,Occasional,7,Substation_978
2020-01-09 18:00:00,Urban,Industrial,557.0890510693167,"(39.46880983489119, -98.254244302632)",Type 2,Electric Scooter,Daily,5,Substation_978
2020-01-09 18:00:00,Urban,Industrial,557.0890510693167,"(39.46880983489119, -98.254244302632)",Type 2,Electric Scooter,Daily,5,Substation_978
2020-01-09 18:00:00,Urban,Industrial,557.0890510693167,"(39.46880983489119, -98.254244302632)",Type 2,Electric Scooter,Daily,5,Substation_978
2020-01-13 04:00:00,Rural,Industrial,441.0635243055788,"(69.56202199634798, -158.64155031226102)",Type 1,Electric Car,Occasional,7,Substation_978
2020-01-09 18:00:00,Urban,Industrial,557.0890510693167,"(39.46880983489119, -98.254244302632)",Type 2,Electric Scooter,Daily,5,Substation_978
2020-01-09 18:00:00,Urban,Industrial,557.0890510693167,"(39.46880983489119, -98.254244302632)",Type 2,Electric Scooter,Daily,5,Substation_978
2020-01-10 19:00:00,Urban,Commercial,563.3919022318012,"(60.30405805377721, -74.06010849201577)",DC Fast,Electric Bike,Occasional,8,Substation_816
2020-02-07 17:00:00,Suburban,Industrial,504.64365481561487,"(68.37873548262255, -129.47915520271079)",DC Fast,Electric Car,Occasional,5,Substation_816
2020-01-10 19:00:00,Urban,Commercial,563.3919022318012,"(60.30405805377721, -74.06010849201577)",DC Fast,Electric Bike,Occasional,8,Substation_816
2020-02-07 17:00:00,Suburban,Industrial,504.64365481561487,"(68.37873548262255, -129.47915520271079)",DC Fast,Electric Car,Occasional,5,Substation_816
2020-01-10 19:00:00,Urban,Commercial,563.3919022318012,"(60.30405805377721, -74.06010849201577)",DC Fast,Electric Bike,Occasional,8,Substation_816
2020-01-10 19:00:00,Urban,Commercial,563.3919022318012,"(60.30405805377721, -74.06010849201577)",DC Fast,Electric Bike,Occasional,8,Substation_816
2020-01-10 19:00:00,Urban,Commercial,563.3919022318012,"(60.30405805377721, -74.06010849201577)",DC Fast,Electric Bike,Occasional,8,Substation_816
2020-02-07 17:00:00,Suburban,Industrial,504.64365481561487,"(68.37873548262255, -129.47915520271079)",DC Fast,Electric Car,Occasional,5,Substation_816
2020-01-10 19:00:00,Urban,Commercial,563.3919022318012,"(60.30405805377721, -74.06010849201577)",DC Fast,Electric Bike,Occasional,8,Substation_816
2020-01-10 19:00:00,Urban,Commercial,563.3919022318012,"(60.30405805377721, -74.06010849201577)",DC Fast,Electric Bike,Occasional,8,Substation_816
2020-01-05 05:00:00,Rural,Residential,457.9354677234641,"(40.417010515658404, -91.30178291842324)",Type 2,Electric Car,Occasional,3,Substation_711
2020-01-05 05:00:00,Rural,Residential,457.9354677234641,"(40.417010515658404, -91.30178291842324)",Type 2,Electric Car,Occasional,3,Substation_711
2020-01-05 05:00:00,Rural,Residential,457.9354677234641,"(40.417010515658404, -91.30178291842324)",Type 2,Electric Car,Occasional,3,Substation_711
2020-01-05 05:00:00,Rural,Residential,457.9354677234641,"(40.417010515658404, -91.30178291842324)",Type 2,Electric Car,Occasional,3,Substation_711
2020-01-05 05:00:00,Rural,Residential,457.9354677234641,"(40.417010515658404, -91.30178291842324)",Type 2,Electric Car,Occasional,3,Substation_711
2020-01-05 05:00:00,Rural,Residential,457.9354677234641,"(40.417010515658404, -91.30178291842324)",Type 2,Electric Car,Occasional,3,Substation_711
2020-01-05 05:00:00,Rural,Residential,457.9354677234641,"(40.417010515658404, -91.30178291842324)",Type 2,Electric Car,Occasional,3,Substation_711
2020-01-05 05:00:00,Rural,Residential,457.9354677234641,"(40.417010515658404, -91.30178291842324)",Type 2,Electric Car,Occasional,3,Substation_711
2020-01-05 05:00:00,Rural,Residential,457.9354677234641,"(40.417010515658404, -91.30178291842324)",Type 2,Electric Car,Occasional,3,Substation_711
2020-01-05 05:00:00,Rural,Residential,457.9354677234641,"(40.417010515658404, -91.30178291842324)",Type 2,Electric Car,Occasional,3,Substation_711
2020-02-11 02:00:00,Suburban,Residential,650.339830176715,"(72.64723452915348, -123.08517158952509)",DC Fast,Electric Bike,Daily,5,Substation_365
2020-02-11 02:00:00,Suburban,Residential,650.339830176715,"(72.64723452915348, -123.08517158952509)",DC Fast,Electric Bike,Daily,5,Substation_365
2020-02-11 02:00:00,Suburban,Residential,650.339830176715,"(72.64723452915348, -123.08517158952509)",DC Fast,Electric Bike,Daily,5,Substation_365
2020-02-11 02:00:00,Suburban,Residential,650.339830176715,"(72.64723452915348, -123.08517158952509)",DC Fast,Electric Bike,Daily,5,Substation_365
2020-02-11 02:00:00,Suburban,Residential,650.339830176715,"(72.64723452915348, -123.08517158952509)",DC Fast,Electric Bike,Daily,5,Substation_365
2020-02-11 02:00:00,Suburban,Residential,650.339830176715,"(72.64723452915348, -123.08517158952509)",DC Fast,Electric Bike,Daily,5,Substation_365
2020-02-11 02:00:00,Suburban,Residential,650.339830176715,"(72.64723452915348, -123.08517158952509)",DC Fast,Electric Bike,Daily,5,Substation_365
2020-02-11 02:00:00,Suburban,Residential,650.339830176715,"(72.64723452915348, -123.08517158952509)",DC Fast,Electric Bike,Daily,5,Substation_365
2020-02-11 02:00:00,Suburban,Residential,650.339830176715,"(72.64723452915348, -123.08517158952509)",DC Fast,Electric Bike,Daily,5,Substation_365
2020-02-11 02:00:00,Suburban,Residential,650.339830176715,"(72.64723452915348, -123.08517158952509)",DC Fast,Electric Bike,Daily,5,Substation_365
2020-02-04 17:00:00,Rural,Industrial,423.2202434895872,"(58.000733518757194, -66.32763834314316)",Type 2,Electric Scooter,Occasional,2,Substation_764
2020-02-07 14:00:00,Suburban,Commercial,502.8744822934818,"(76.04016962170567, -113.148922761496)",Type 1,Electric Car,Occasional,8,Substation_764
2020-02-04 17:00:00,Rural,Industrial,423.2202434895872,"(58.000733518757194, -66.32763834314316)",Type 2,Electric Scooter,Occasional,2,Substation_764
2020-02-07 14:00:00,Suburban,Commercial,502.8744822934818,"(76.04016962170567, -113.148922761496)",Type 1,Electric Car,Occasional,8,Substation_764
2020-02-04 17:00:00,Rural,Industrial,423.2202434895872,"(58.000733518757194, -66.32763834314316)",Type 2,Electric Scooter,Occasional,2,Substation_764
2020-02-04 17:00:00,Rural,Industrial,423.2202434895872,"(58.000733518757194, -66.32763834314316)",Type 2,Electric Scooter,Occasional,2,Substation_764
2020-02-04 17:00:00,Rural,Industrial,423.2202434895872,"(58.000733518757194, -66.32763834314316)",Type 2,Electric Scooter,Occasional,2,Substation_764
2020-02-07 14:00:00,Suburban,Commercial,502.8744822934818,"(76.04016962170567, -113.148922761496)",Type 1,Electric Car,Occasional,8,Substation_764
2020-02-04 17:00:00,Rural,Industrial,423.2202434895872,"(58.000733518757194, -66.32763834314316)",Type 2,Electric Scooter,Occasional,2,Substation_764
2020-02-04 17:00:00,Rural,Industrial,423.2202434895872,"(58.000733518757194, -66.32763834314316)",Type 2,Electric Scooter,Occasional,2,Substation_764
2020-01-16 05:00:00,Rural,Industrial,459.8779528114164,"(61.97747709937798, -164.19337526283127)",Type 2,Electric Bike,Occasional,1,Substation_422
2020-01-22 14:00:00,Suburban,Residential,509.9332305429226,"(30.877262418667893, -110.64590935429956)",Type 1,Electric Bike,Weekly,8,Substation_422
2020-02-09 11:00:00,Rural,Residential,430.80919301187555,"(37.401271065581284, -91.18229727782)",Type 1,Electric Bike,Occasional,9,Substation_422
2020-02-09 11:00:00,Rural,Residential,430.80919301187555,"(37.401271065581284, -91.18229727782)",Type 1,Electric Bike,Occasional,9,Substation_422
2020-01-16 05:00:00,Rural,Industrial,459.8779528114164,"(61.97747709937798, -164.19337526283127)",Type 2,Electric Bike,Occasional,1,Substation_422
2020-02-09 11:00:00,Rural,Residential,430.80919301187555,"(37.401271065581284, -91.18229727782)",Type 1,Electric Bike,Occasional,9,Substation_422
2020-02-09 11:00:00,Rural,Residential,430.80919301187555,"(37.401271065581284, -91.18229727782)",Type 1,Electric Bike,Occasional,9,Substation_422
2020-01-16 05:00:00,Rural,Industrial,459.8779528114164,"(61.97747709937798, -164.19337526283127)",Type 2,Electric Bike,Occasional,1,Substation_422
2020-01-16 05:00:00,Rural,Industrial,459.8779528114164,"(61.97747709937798, -164.19337526283127)",Type 2,Electric Bike,Occasional,1,Substation_422
2020-02-09 11:00:00,Rural,Residential,430.80919301187555,"(37.401271065581284, -91.18229727782)",Type 1,Electric Bike,Occasional,9,Substation_422
2020-01-07 08:00:00,Suburban,Residential,431.99752784215093,"(47.265170362957974, -81.12033564870322)",Type 1,Electric Bike,Occasional,7,Substation_240
2020-01-15 10:00:00,Rural,Commercial,355.1915658502676,"(69.84796757937274, -158.47082885943715)",DC Fast,Electric Scooter,Daily,2,Substation_240
2020-02-11 06:00:00,Rural,Industrial,520.8382807947553,"(65.10570150458756, -150.80929112694704)",DC Fast,Electric Bike,Occasional,9,Substation_240
2020-02-11 06:00:00,Rural,Industrial,520.8382807947553,"(65.10570150458756, -150.80929112694704)",DC Fast,Electric Bike,Occasional,9,Substation_240
2020-01-07 08:00:00,Suburban,Residential,431.99752784215093,"(47.265170362957974, -81.12033564870322)",Type 1,Electric Bike,Occasional,7,Substation_240
2020-02-11 06:00:00,Rural,Industrial,520.8382807947553,"(65.10570150458756, -150.80929112694704)",DC Fast,Electric Bike,Occasional,9,Substation_240
2020-02-11 06:00:00,Rural,Industrial,520.8382807947553,"(65.10570150458756, -150.80929112694704)",DC Fast,Electric Bike,Occasional,9,Substation_240
2020-01-07 08:00:00,Suburban,Residential,431.99752784215093,"(47.265170362957974, -81.12033564870322)",Type 1,Electric Bike,Occasional,7,Substation_240
2020-01-07 08:00:00,Suburban,Residential,431.99752784215093,"(47.265170362957974, -81.12033564870322)",Type 1,Electric Bike,Occasional,7,Substation_240
2020-02-11 06:00:00,Rural,Industrial,520.8382807947553,"(65.10570150458756, -150.80929112694704)",DC Fast,Electric Bike,Occasional,9,Substation_240
2020-01-06 19:00:00,Rural,Industrial,376.91356835660446,"(73.69716646695062, -79.88868145267253)",DC Fast,Electric Scooter,Weekly,6,Substation_720
2020-01-06 19:00:00,Rural,Industrial,376.91356835660446,"(73.69716646695062, -79.88868145267253)",DC Fast,Electric Scooter,Weekly,6,Substation_720
2020-01-06 19:00:00,Rural,Industrial,376.91356835660446,"(73.69716646695062, -79.88868145267253)",DC Fast,Electric Scooter,Weekly,6,Substation_720
2020-01-06 19:00:00,Rural,Industrial,376.91356835660446,"(73.69716646695062, -79.88868145267253)",DC Fast,Electric Scooter,Weekly,6,Substation_720
2020-01-06 19:00:00,Rural,Industrial,376.91356835660446,"(73.69716646695062, -79.88868145267253)",DC Fast,Electric Scooter,Weekly,6,Substation_720
2020-01-06 19:00:00,Rural,Industrial,376.91356835660446,"(73.69716646695062, -79.88868145267253)",DC Fast,Electric Scooter,Weekly,6,Substation_720
2020-01-06 19:00:00,Rural,Industrial,376.91356835660446,"(73.69716646695062, -79.88868145267253)",DC Fast,Electric Scooter,Weekly,6,Substation_720
2020-01-06 19:00:00,Rural,Industrial,376.91356835660446,"(73.69716646695062, -79.88868145267253)",DC Fast,Electric Scooter,Weekly,6,Substation_720
2020-01-06 19:00:00,Rural,Industrial,376.91356835660446,"(73.69716646695062, -79.88868145267253)",DC Fast,Electric Scooter,Weekly,6,Substation_720
2020-01-06 19:00:00,Rural,Industrial,376.91356835660446,"(73.69716646695062, -79.88868145267253)",DC Fast,Electric Scooter,Weekly,6,Substation_720
2020-01-06 00:00:00,Suburban,Residential,579.1031947043047,"(61.097486893691936, -98.30803252869224)",Type 1,Electric Car,Daily,5,Substation_523
2020-01-07 23:00:00,Urban,Commercial,689.6792982653948,"(68.47602867588083, -93.59186945085591)",DC Fast,Electric Car,Daily,1,Substation_523
2020-01-26 21:00:00,Suburban,Commercial,547.1468357135996,"(64.03840914567755, -141.66711539146738)",DC Fast,Electric Scooter,Weekly,8,Substation_523
2020-01-26 21:00:00,Suburban,Commercial,547.1468357135996,"(64.03840914567755, -141.66711539146738)",DC Fast,Electric Scooter,Weekly,8,Substation_523
2020-01-06 00:00:00,Suburban,Residential,579.1031947043047,"(61.097486893691936, -98.30803252869224)",Type 1,Electric Car,Daily,5,Substation_523
2020-01-26 21:00:00,Suburban,Commercial,547.1468357135996,"(64.03840914567755, -141.66711539146738)",DC Fast,Electric Scooter,Weekly,8,Substation_523
2020-01-26 21:00:00,Suburban,Commercial,547.1468357135996,"(64.03840914567755, -141.66711539146738)",DC Fast,Electric Scooter,Weekly,8,Substation_523
2020-01-06 00:00:00,Suburban,Residential,579.1031947043047,"(61.097486893691936, -98.30803252869224)",Type 1,Electric Car,Daily,5,Substation_523
2020-01-06 00:00:00,Suburban,Residential,579.1031947043047,"(61.097486893691936, -98.30803252869224)",Type 1,Electric Car,Daily,5,Substation_523
2020-01-26 21:00:00,Suburban,Commercial,547.1468357135996,"(64.03840914567755, -141.66711539146738)",DC Fast,Electric Scooter,Weekly,8,Substation_523
2020-01-03 17:00:00,Urban,Commercial,635.6240028570824,"(35.94327017513491, -118.4089791005807)",DC Fast,Electric Scooter,Occasional,5,Substation_516
2020-01-20 10:00:00,Urban,Residential,561.4166700043426,"(49.62385147966739, -63.891044354607146)",DC Fast,Electric Scooter,Occasional,8,Substation_516
2020-01-21 19:00:00,Rural,Industrial,361.7200269035664,"(53.20506719623505, -113.46530535717878)",DC Fast,Electric Bike,Daily,8,Substation_516
2020-01-21 19:00:00,Rural,Industrial,361.7200269035664,"(53.20506719623505, -113.46530535717878)",DC Fast,Electric Bike,Daily,8,Substation_516
2020-01-03 17:00:00,Urban,Commercial,635.6240028570824,"(35.94327017513491, -118.4089791005807)",DC Fast,Electric Scooter,Occasional,5,Substation_516
2020-01-21 19:00:00,Rural,Industrial,361.7200269035664,"(53.20506719623505, -113.46530535717878)",DC Fast,Electric Bike,Daily,8,Substation_516
2020-01-21 19:00:00,Rural,Industrial,361.7200269035664,"(53.20506719623505, -113.46530535717878)",DC Fast,Electric Bike,Daily,8,Substation_516
2020-01-03 17:00:00,Urban,Commercial,635.6240028570824,"(35.94327017513491, -118.4089791005807)",DC Fast,Electric Scooter,Occasional,5,Substation_516
2020-01-03 17:00:00,Urban,Commercial,635.6240028570824,"(35.94327017513491, -118.4089791005807)",DC Fast,Electric Scooter,Occasional,5,Substation_516
2020-01-21 19:00:00,Rural,Industrial,361.7200269035664,"(53.20506719623505, -113.46530535717878)",DC Fast,Electric Bike,Daily,8,Substation_516
2020-01-16 10:00:00,Rural,Industrial,502.4510174258943,"(49.14634890378053, -79.62606928648917)",DC Fast,Electric Scooter,Weekly,4,Substation_845
2020-01-17 04:00:00,Urban,Commercial,595.042383818605,"(57.253473726854814, -120.00626300565727)",Type 2,Electric Car,Daily,1,Substation_845
2020-01-16 10:00:00,Rural,Industrial,502.4510174258943,"(49.14634890378053, -79.62606928648917)",DC Fast,Electric Scooter,Weekly,4,Substation_845
2020-01-17 04:00:00,Urban,Commercial,595.042383818605,"(57.253473726854814, -120.00626300565727)",Type 2,Electric Car,Daily,1,Substation_845
2020-01-16 10:00:00,Rural,Industrial,502.4510174258943,"(49.14634890378053, -79.62606928648917)",DC Fast,Electric Scooter,Weekly,4,Substation_845
2020-01-16 10:00:00,Rural,Industrial,502.4510174258943,"(49.14634890378053, -79.62606928648917)",DC Fast,Electric Scooter,Weekly,4,Substation_845
2020-01-16 10:00:00,Rural,Industrial,502.4510174258943,"(49.14634890378053, -79.62606928648917)",DC Fast,Electric Scooter,Weekly,4,Substation_845
2020-01-17 04:00:00,Urban,Commercial,595.042383818605,"(57.253473726854814, -120.00626300565727)",Type 2,Electric Car,Daily,1,Substation_845
2020-01-16 10:00:00,Rural,Industrial,502.4510174258943,"(49.14634890378053, -79.62606928648917)",DC Fast,Electric Scooter,Weekly,4,Substation_845
2020-01-16 10:00:00,Rural,Industrial,502.4510174258943,"(49.14634890378053, -79.62606928648917)",DC Fast,Electric Scooter,Weekly,4,Substation_845
2020-01-09 06:00:00,Suburban,Residential,505.8208718446,"(52.16856956726096, -67.31004208100788)",Type 2,Electric Scooter,Weekly,5,Substation_911
2020-01-16 18:00:00,Urban,Industrial,718.9802933217672,"(69.4794740318871, -75.62339550258868)",Type 1,Electric Bike,Weekly,6,Substation_911
2020-01-09 06:00:00,Suburban,Residential,505.8208718446,"(52.16856956726096, -67.31004208100788)",Type 2,Electric Scooter,Weekly,5,Substation_911
2020-01-16 18:00:00,Urban,Industrial,718.9802933217672,"(69.4794740318871, -75.62339550258868)",Type 1,Electric Bike,Weekly,6,Substation_911
2020-01-09 06:00:00,Suburban,Residential,505.8208718446,"(52.16856956726096, -67.31004208100788)",Type 2,Electric Scooter,Weekly,5,Substation_911
2020-01-09 06:00:00,Suburban,Residential,505.8208718446,"(52.16856956726096, -67.31004208100788)",Type 2,Electric Scooter,Weekly,5,Substation_911
2020-01-09 06:00:00,Suburban,Residential,505.8208718446,"(52.16856956726096, -67.31004208100788)",Type 2,Electric Scooter,Weekly,5,Substation_911
2020-01-16 18:00:00,Urban,Industrial,718.9802933217672,"(69.4794740318871, -75.62339550258868)",Type 1,Electric Bike,Weekly,6,Substation_911
2020-01-09 06:00:00,Suburban,Residential,505.8208718446,"(52.16856956726096, -67.31004208100788)",Type 2,Electric Scooter,Weekly,5,Substation_911
2020-01-09 06:00:00,Suburban,Residential,505.8208718446,"(52.16856956726096, -67.31004208100788)",Type 2,Electric Scooter,Weekly,5,Substation_911
2020-01-12 04:00:00,Suburban,Industrial,455.9955513303016,"(69.0398374926911, -104.60926358168452)",Type 1,Electric Bike,Daily,2,Substation_133
2020-01-29 15:00:00,Rural,Industrial,462.5179192450403,"(38.2693135834359, -119.1093658005926)",DC Fast,Electric Bike,Daily,2,Substation_133
2020-01-12 04:00:00,Suburban,Industrial,455.9955513303016,"(69.0398374926911, -104.60926358168452)",Type 1,Electric Bike,Daily,2,Substation_133
2020-01-29 15:00:00,Rural,Industrial,462.5179192450403,"(38.2693135834359, -119.1093658005926)",DC Fast,Electric Bike,Daily,2,Substation_133
2020-01-12 04:00:00,Suburban,Industrial,455.9955513303016,"(69.0398374926911, -104.60926358168452)",Type 1,Electric Bike,Daily,2,Substation_133
2020-01-12 04:00:00,Suburban,Industrial,455.9955513303016,"(69.0398374926911, -104.60926358168452)",Type 1,Electric Bike,Daily,2,Substation_133
2020-01-12 04:00:00,Suburban,Industrial,455.9955513303016,"(69.0398374926911, -104.60926358168452)",Type 1,Electric Bike,Daily,2,Substation_133
2020-01-29 15:00:00,Rural,Industrial,462.5179192450403,"(38.2693135834359, -119.1093658005926)",DC Fast,Electric Bike,Daily,2,Substation_133
2020-01-12 04:00:00,Suburban,Industrial,455.9955513303016,"(69.0398374926911, -104.60926358168452)",Type 1,Electric Bike,Daily,2,Substation_133
2020-01-12 04:00:00,Suburban,Industrial,455.9955513303016,"(69.0398374926911, -104.60926358168452)",Type 1,Electric Bike,Daily,2,Substation_133
2020-01-25 08:00:00,Rural,Residential,518.1866255058495,"(33.06492711854868, -104.46073956492094)",DC Fast,Electric Scooter,Daily,2,Substation_54
2020-01-25 08:00:00,Rural,Residential,518.1866255058495,"(33.06492711854868, -104.46073956492094)",DC Fast,Electric Scooter,Daily,2,Substation_54
2020-01-25 08:00:00,Rural,Residential,518.1866255058495,"(33.06492711854868, -104.46073956492094)",DC Fast,Electric Scooter,Daily,2,Substation_54
2020-01-25 08:00:00,Rural,Residential,518.1866255058495,"(33.06492711854868, -104.46073956492094)",DC Fast,Electric Scooter,Daily,2,Substation_54
2020-01-25 08:00:00,Rural,Residential,518.1866255058495,"(33.06492711854868, -104.46073956492094)",DC Fast,Electric Scooter,Daily,2,Substation_54
2020-01-25 08:00:00,Rural,Residential,518.1866255058495,"(33.06492711854868, -104.46073956492094)",DC Fast,Electric Scooter,Daily,2,Substation_54
2020-01-25 08:00:00,Rural,Residential,518.1866255058495,"(33.06492711854868, -104.46073956492094)",DC Fast,Electric Scooter,Daily,2,Substation_54
2020-01-25 08:00:00,Rural,Residential,518.1866255058495,"(33.06492711854868, -104.46073956492094)",DC Fast,Electric Scooter,Daily,2,Substation_54
2020-01-25 08:00:00,Rural,Residential,518.1866255058495,"(33.06492711854868, -104.46073956492094)",DC Fast,Electric Scooter,Daily,2,Substation_54
2020-01-25 08:00:00,Rural,Residential,518.1866255058495,"(33.06492711854868, -104.46073956492094)",DC Fast,Electric Scooter,Daily,2,Substation_54
2020-02-07 13:00:00,Rural,Residential,460.6661187672639,"(60.99268400883312, -133.7762300596706)",DC Fast,Electric Bike,Occasional,7,Substation_139
2020-02-07 13:00:00,Rural,Residential,460.6661187672639,"(60.99268400883312, -133.7762300596706)",DC Fast,Electric Bike,Occasional,7,Substation_139
2020-02-07 13:00:00,Rural,Residential,460.6661187672639,"(60.99268400883312, -133.7762300596706)",DC Fast,Electric Bike,Occasional,7,Substation_139
2020-02-07 13:00:00,Rural,Residential,460.6661187672639,"(60.99268400883312, -133.7762300596706)",DC Fast,Electric Bike,Occasional,7,Substation_139
2020-02-07 13:00:00,Rural,Residential,460.6661187672639,"(60.99268400883312, -133.7762300596706)",DC Fast,Electric Bike,Occasional,7,Substation_139
2020-02-07 13:00:00,Rural,Residential,460.6661187672639,"(60.99268400883312, -133.7762300596706)",DC Fast,Electric Bike,Occasional,7,Substation_139
2020-02-07 13:00:00,Rural,Residential,460.6661187672639,"(60.99268400883312, -133.7762300596706)",DC Fast,Electric Bike,Occasional,7,Substation_139
2020-02-07 13:00:00,Rural,Residential,460.6661187672639,"(60.99268400883312, -133.7762300596706)",DC Fast,Electric Bike,Occasional,7,Substation_139
2020-02-07 13:00:00,Rural,Residential,460.6661187672639,"(60.99268400883312, -133.7762300596706)",DC Fast,Electric Bike,Occasional,7,Substation_139
2020-02-07 13:00:00,Rural,Residential,460.6661187672639,"(60.99268400883312, -133.7762300596706)",DC Fast,Electric Bike,Occasional,7,Substation_139
2020-01-03 11:00:00,Rural,Residential,597.5545127122359,"(61.38386846317867, -111.34745489202862)",Type 2,Electric Scooter,Weekly,1,Substation_744
2020-01-12 01:00:00,Suburban,Residential,375.221681803515,"(81.8700948424015, -73.69186820447119)",Type 1,Electric Car,Daily,7,Substation_744
2020-01-13 16:00:00,Urban,Industrial,497.90984060358517,"(54.68679064095945, -104.10884652037373)",Type 2,Electric Scooter,Daily,7,Substation_744
2020-01-13 16:00:00,Urban,Industrial,497.90984060358517,"(54.68679064095945, -104.10884652037373)",Type 2,Electric Scooter,Daily,7,Substation_744
2020-01-03 11:00:00,Rural,Residential,597.5545127122359,"(61.38386846317867, -111.34745489202862)",Type 2,Electric Scooter,Weekly,1,Substation_744
2020-01-13 16:00:00,Urban,Industrial,497.90984060358517,"(54.68679064095945, -104.10884652037373)",Type 2,Electric Scooter,Daily,7,Substation_744
2020-01-13 16:00:00,Urban,Industrial,497.90984060358517,"(54.68679064095945, -104.10884652037373)",Type 2,Electric Scooter,Daily,7,Substation_744
2020-01-03 11:00:00,Rural,Residential,597.5545127122359,"(61.38386846317867, -111.34745489202862)",Type 2,Electric Scooter,Weekly,1,Substation_744
2020-01-03 11:00:00,Rural,Residential,597.5545127122359,"(61.38386846317867, -111.34745489202862)",Type 2,Electric Scooter,Weekly,1,Substation_744
2020-01-13 16:00:00,Urban,Industrial,497.90984060358517,"(54.68679064095945, -104.10884652037373)",Type 2,Electric Scooter,Daily,7,Substation_744
2020-01-14 16:00:00,Rural,Commercial,562.4119817052156,"(81.17855112008782, -69.44123451758139)",Type 2,Electric Car,Occasional,9,Substation_890
2020-01-14 16:00:00,Rural,Commercial,562.4119817052156,"(81.17855112008782, -69.44123451758139)",Type 2,Electric Car,Occasional,9,Substation_890
2020-01-14 16:00:00,Rural,Commercial,562.4119817052156,"(81.17855112008782, -69.44123451758139)",Type 2,Electric Car,Occasional,9,Substation_890
2020-01-14 16:00:00,Rural,Commercial,562.4119817052156,"(81.17855112008782, -69.44123451758139)",Type 2,Electric Car,Occasional,9,Substation_890
2020-01-14 16:00:00,Rural,Commercial,562.4119817052156,"(81.17855112008782, -69.44123451758139)",Type 2,Electric Car,Occasional,9,Substation_890
2020-01-14 16:00:00,Rural,Commercial,562.4119817052156,"(81.17855112008782, -69.44123451758139)",Type 2,Electric Car,Occasional,9,Substation_890
2020-01-14 16:00:00,Rural,Commercial,562.4119817052156,"(81.17855112008782, -69.44123451758139)",Type 2,Electric Car,Occasional,9,Substation_890
2020-01-14 16:00:00,Rural,Commercial,562.4119817052156,"(81.17855112008782, -69.44123451758139)",Type 2,Electric Car,Occasional,9,Substation_890
2020-01-14 16:00:00,Rural,Commercial,562.4119817052156,"(81.17855112008782, -69.44123451758139)",Type 2,Electric Car,Occasional,9,Substation_890
2020-01-14 16:00:00,Rural,Commercial,562.4119817052156,"(81.17855112008782, -69.44123451758139)",Type 2,Electric Car,Occasional,9,Substation_890
2020-01-05 00:00:00,Urban,Residential,529.6120277064576,"(67.1063427584316, -103.5785346183209)",DC Fast,Electric Bike,Daily,1,Substation_258
2020-02-09 22:00:00,Suburban,Commercial,556.9767280232204,"(66.47212179958018, -143.03305399153828)",DC Fast,Electric Car,Daily,9,Substation_258
2020-01-05 00:00:00,Urban,Residential,529.6120277064576,"(67.1063427584316, -103.5785346183209)",DC Fast,Electric Bike,Daily,1,Substation_258
2020-02-09 22:00:00,Suburban,Commercial,556.9767280232204,"(66.47212179958018, -143.03305399153828)",DC Fast,Electric Car,Daily,9,Substation_258
2020-01-05 00:00:00,Urban,Residential,529.6120277064576,"(67.1063427584316, -103.5785346183209)",DC Fast,Electric Bike,Daily,1,Substation_258
2020-01-05 00:00:00,Urban,Residential,529.6120277064576,"(67.1063427584316, -103.5785346183209)",DC Fast,Electric Bike,Daily,1,Substation_258
2020-01-05 00:00:00,Urban,Residential,529.6120277064576,"(67.1063427584316, -103.5785346183209)",DC Fast,Electric Bike,Daily,1,Substation_258
2020-02-09 22:00:00,Suburban,Commercial,556.9767280232204,"(66.47212179958018, -143.03305399153828)",DC Fast,Electric Car,Daily,9,Substation_258
2020-01-05 00:00:00,Urban,Residential,529.6120277064576,"(67.1063427584316, -103.5785346183209)",DC Fast,Electric Bike,Daily,1,Substation_258
2020-01-05 00:00:00,Urban,Residential,529.6120277064576,"(67.1063427584316, -103.5785346183209)",DC Fast,Electric Bike,Daily,1,Substation_258
2020-01-07 19:00:00,Rural,Industrial,417.93176816482895,"(58.12947577371878, -156.33071933964015)",Type 2,Electric Scooter,Weekly,8,Substation_152
2020-01-14 00:00:00,Suburban,Industrial,582.541634898803,"(44.33704921719799, -108.79106483942573)",Type 1,Electric Scooter,Occasional,3,Substation_152
2020-01-07 19:00:00,Rural,Industrial,417.93176816482895,"(58.12947577371878, -156.33071933964015)",Type 2,Electric Scooter,Weekly,8,Substation_152
2020-01-14 00:00:00,Suburban,Industrial,582.541634898803,"(44.33704921719799, -108.79106483942573)",Type 1,Electric Scooter,Occasional,3,Substation_152
2020-01-07 19:00:00,Rural,Industrial,417.93176816482895,"(58.12947577371878, -156.33071933964015)",Type 2,Electric Scooter,Weekly,8,Substation_152
2020-01-07 19:00:00,Rural,Industrial,417.93176816482895,"(58.12947577371878, -156.33071933964015)",Type 2,Electric Scooter,Weekly,8,Substation_152
2020-01-07 19:00:00,Rural,Industrial,417.93176816482895,"(58.12947577371878, -156.33071933964015)",Type 2,Electric Scooter,Weekly,8,Substation_152
2020-01-14 00:00:00,Suburban,Industrial,582.541634898803,"(44.33704921719799, -108.79106483942573)",Type 1,Electric Scooter,Occasional,3,Substation_152
2020-01-07 19:00:00,Rural,Industrial,417.93176816482895,"(58.12947577371878, -156.33071933964015)",Type 2,Electric Scooter,Weekly,8,Substation_152
2020-01-07 19:00:00,Rural,Industrial,417.93176816482895,"(58.12947577371878, -156.33071933964015)",Type 2,Electric Scooter,Weekly,8,Substation_152
2020-01-30 20:00:00,Urban,Commercial,511.422764866204,"(46.11830258170008, -94.51059992363828)",Type 1,Electric Car,Daily,8,Substation_74
2020-02-06 13:00:00,Urban,Residential,522.3787951638899,"(52.58363599267151, -62.43931149745666)",DC Fast,Electric Scooter,Daily,5,Substation_74
2020-02-10 14:00:00,Rural,Commercial,455.381656678522,"(62.1467932826015, -149.47750157417912)",DC Fast,Electric Car,Daily,8,Substation_74
2020-02-10 14:00:00,Rural,Commercial,455.381656678522,"(62.1467932826015, -149.47750157417912)",DC Fast,Electric Car,Daily,8,Substation_74
2020-01-30 20:00:00,Urban,Commercial,511.422764866204,"(46.11830258170008, -94.51059992363828)",Type 1,Electric Car,Daily,8,Substation_74
2020-02-10 14:00:00,Rural,Commercial,455.381656678522,"(62.1467932826015, -149.47750157417912)",DC Fast,Electric Car,Daily,8,Substation_74
2020-02-10 14:00:00,Rural,Commercial,455.381656678522,"(62.1467932826015, -149.47750157417912)",DC Fast,Electric Car,Daily,8,Substation_74
2020-01-30 20:00:00,Urban,Commercial,511.422764866204,"(46.11830258170008, -94.51059992363828)",Type 1,Electric Car,Daily,8,Substation_74
2020-01-30 20:00:00,Urban,Commercial,511.422764866204,"(46.11830258170008, -94.51059992363828)",Type 1,Electric Car,Daily,8,Substation_74
2020-02-10 14:00:00,Rural,Commercial,455.381656678522,"(62.1467932826015, -149.47750157417912)",DC Fast,Electric Car,Daily,8,Substation_74
2020-01-05 18:00:00,Rural,Commercial,480.76390352188776,"(68.16508939049363, -141.01116481771743)",DC Fast,Electric Scooter,Occasional,1,Substation_717
2020-01-13 11:00:00,Urban,Commercial,562.9628841923612,"(77.23699615229171, -82.35731784330176)",DC Fast,Electric Car,Occasional,6,Substation_717
2020-02-06 11:00:00,Suburban,Commercial,679.4557863517788,"(32.84763089767773, -79.7793339818536)",Type 1,Electric Car,Daily,3,Substation_717
2020-02-06 11:00:00,Suburban,Commercial,679.4557863517788,"(32.84763089767773, -79.7793339818536)",Type 1,Electric Car,Daily,3,Substation_717
2020-01-05 18:00:00,Rural,Commercial,480.76390352188776,"(68.16508939049363, -141.01116481771743)",DC Fast,Electric Scooter,Occasional,1,Substation_717
2020-02-06 11:00:00,Suburban,Commercial,679.4557863517788,"(32.84763089767773, -79.7793339818536)",Type 1,Electric Car,Daily,3,Substation_717
2020-02-06 11:00:00,Suburban,Commercial,679.4557863517788,"(32.84763089767773, -79.7793339818536)",Type 1,Electric Car,Daily,3,Substation_717
2020-01-05 18:00:00,Rural,Commercial,480.76390352188776,"(68.16508939049363, -141.01116481771743)",DC Fast,Electric Scooter,Occasional,1,Substation_717
2020-01-05 18:00:00,Rural,Commercial,480.76390352188776,"(68.16508939049363, -141.01116481771743)",DC Fast,Electric Scooter,Occasional,1,Substation_717
2020-02-06 11:00:00,Suburban,Commercial,679.4557863517788,"(32.84763089767773, -79.7793339818536)",Type 1,Electric Car,Daily,3,Substation_717
2020-01-12 13:00:00,Suburban,Residential,439.97831228412053,"(42.554699104865485, -77.05991293128305)",DC Fast,Electric Car,Weekly,7,Substation_64
2020-02-06 06:00:00,Urban,Commercial,482.30527725059505,"(61.1754685807205, -108.50774911153243)",DC Fast,Electric Car,Occasional,1,Substation_64
2020-01-12 13:00:00,Suburban,Residential,439.97831228412053,"(42.554699104865485, -77.05991293128305)",DC Fast,Electric Car,Weekly,7,Substation_64
2020-02-06 06:00:00,Urban,Commercial,482.30527725059505,"(61.1754685807205, -108.50774911153243)",DC Fast,Electric Car,Occasional,1,Substation_64
2020-01-12 13:00:00,Suburban,Residential,439.97831228412053,"(42.554699104865485, -77.05991293128305)",DC Fast,Electric Car,Weekly,7,Substation_64
2020-01-12 13:00:00,Suburban,Residential,439.97831228412053,"(42.554699104865485, -77.05991293128305)",DC Fast,Electric Car,Weekly,7,Substation_64
2020-01-12 13:00:00,Suburban,Residential,439.97831228412053,"(42.554699104865485, -77.05991293128305)",DC Fast,Electric Car,Weekly,7,Substation_64
2020-02-06 06:00:00,Urban,Commercial,482.30527725059505,"(61.1754685807205, -108.50774911153243)",DC Fast,Electric Car,Occasional,1,Substation_64
2020-01-12 13:00:00,Suburban,Residential,439.97831228412053,"(42.554699104865485, -77.05991293128305)",DC Fast,Electric Car,Weekly,7,Substation_64
2020-01-12 13:00:00,Suburban,Residential,439.97831228412053,"(42.554699104865485, -77.05991293128305)",DC Fast,Electric Car,Weekly,7,Substation_64
2020-01-14 07:00:00,Urban,Residential,486.98569456323156,"(31.57926468770396, -112.34086442203312)",DC Fast,Electric Scooter,Weekly,8,Substation_11
2020-02-08 12:00:00,Rural,Commercial,619.5046628924842,"(41.182658818045226, -92.7344708533918)",Type 2,Electric Scooter,Daily,3,Substation_11
2020-01-14 07:00:00,Urban,Residential,486.98569456323156,"(31.57926468770396, -112.34086442203312)",DC Fast,Electric Scooter,Weekly,8,Substation_11
2020-02-08 12:00:00,Rural,Commercial,619.5046628924842,"(41.182658818045226, -92.7344708533918)",Type 2,Electric Scooter,Daily,3,Substation_11
2020-01-14 07:00:00,Urban,Residential,486.98569456323156,"(31.57926468770396, -112.34086442203312)",DC Fast,Electric Scooter,Weekly,8,Substation_11
2020-01-14 07:00:00,Urban,Residential,486.98569456323156,"(31.57926468770396, -112.34086442203312)",DC Fast,Electric Scooter,Weekly,8,Substation_11
2020-01-14 07:00:00,Urban,Residential,486.98569456323156,"(31.57926468770396, -112.34086442203312)",DC Fast,Electric Scooter,Weekly,8,Substation_11
2020-02-08 12:00:00,Rural,Commercial,619.5046628924842,"(41.182658818045226, -92.7344708533918)",Type 2,Electric Scooter,Daily,3,Substation_11
2020-01-14 07:00:00,Urban,Residential,486.98569456323156,"(31.57926468770396, -112.34086442203312)",DC Fast,Electric Scooter,Weekly,8,Substation_11
2020-01-14 07:00:00,Urban,Residential,486.98569456323156,"(31.57926468770396, -112.34086442203312)",DC Fast,Electric Scooter,Weekly,8,Substation_11
2020-01-26 01:00:00,Suburban,Commercial,407.78346758223745,"(35.29529528484333, -100.59681236134787)",Type 2,Electric Car,Weekly,7,Substation_208
2020-01-26 01:00:00,Suburban,Commercial,407.78346758223745,"(35.29529528484333, -100.59681236134787)",Type 2,Electric Car,Weekly,7,Substation_208
2020-01-26 01:00:00,Suburban,Commercial,407.78346758223745,"(35.29529528484333, -100.59681236134787)",Type 2,Electric Car,Weekly,7,Substation_208
2020-01-26 01:00:00,Suburban,Commercial,407.78346758223745,"(35.29529528484333, -100.59681236134787)",Type 2,Electric Car,Weekly,7,Substation_208
2020-01-26 01:00:00,Suburban,Commercial,407.78346758223745,"(35.29529528484333, -100.59681236134787)",Type 2,Electric Car,Weekly,7,Substation_208
2020-01-26 01:00:00,Suburban,Commercial,407.78346758223745,"(35.29529528484333, -100.59681236134787)",Type 2,Electric Car,Weekly,7,Substation_208
2020-01-26 01:00:00,Suburban,Commercial,407.78346758223745,"(35.29529528484333, -100.59681236134787)",Type 2,Electric Car,Weekly,7,Substation_208
2020-01-26 01:00:00,Suburban,Commercial,407.78346758223745,"(35.29529528484333, -100.59681236134787)",Type 2,Electric Car,Weekly,7,Substation_208
2020-01-26 01:00:00,Suburban,Commercial,407.78346758223745,"(35.29529528484333, -100.59681236134787)",Type 2,Electric Car,Weekly,7,Substation_208
2020-01-26 01:00:00,Suburban,Commercial,407.78346758223745,"(35.29529528484333, -100.59681236134787)",Type 2,Electric Car,Weekly,7,Substation_208
2020-01-19 07:00:00,Urban,Commercial,494.4452301103381,"(29.185202287080386, -97.9969280427572)",Type 2,Electric Scooter,Daily,3,Substation_952
2020-01-19 07:00:00,Urban,Commercial,494.4452301103381,"(29.185202287080386, -97.9969280427572)",Type 2,Electric Scooter,Daily,3,Substation_952
2020-01-19 07:00:00,Urban,Commercial,494.4452301103381,"(29.185202287080386, -97.9969280427572)",Type 2,Electric Scooter,Daily,3,Substation_952
2020-01-19 07:00:00,Urban,Commercial,494.4452301103381,"(29.185202287080386, -97.9969280427572)",Type 2,Electric Scooter,Daily,3,Substation_952
2020-01-19 07:00:00,Urban,Commercial,494.4452301103381,"(29.185202287080386, -97.9969280427572)",Type 2,Electric Scooter,Daily,3,Substation_952
2020-01-19 07:00:00,Urban,Commercial,494.4452301103381,"(29.185202287080386, -97.9969280427572)",Type 2,Electric Scooter,Daily,3,Substation_952
2020-01-19 07:00:00,Urban,Commercial,494.4452301103381,"(29.185202287080386, -97.9969280427572)",Type 2,Electric Scooter,Daily,3,Substation_952
2020-01-19 07:00:00,Urban,Commercial,494.4452301103381,"(29.185202287080386, -97.9969280427572)",Type 2,Electric Scooter,Daily,3,Substation_952
2020-01-19 07:00:00,Urban,Commercial,494.4452301103381,"(29.185202287080386, -97.9969280427572)",Type 2,Electric Scooter,Daily,3,Substation_952
2020-01-19 07:00:00,Urban,Commercial,494.4452301103381,"(29.185202287080386, -97.9969280427572)",Type 2,Electric Scooter,Daily,3,Substation_952
2020-01-15 12:00:00,Urban,Residential,428.15557787475643,"(21.013012971309866, -89.33001011359114)",Type 2,Electric Scooter,Occasional,8,Substation_470
2020-02-04 21:00:00,Urban,Residential,400.1645959261209,"(59.359457886399674, -135.5756163019498)",DC Fast,Electric Bike,Weekly,9,Substation_470
2020-01-15 12:00:00,Urban,Residential,428.15557787475643,"(21.013012971309866, -89.33001011359114)",Type 2,Electric Scooter,Occasional,8,Substation_470
2020-02-04 21:00:00,Urban,Residential,400.1645959261209,"(59.359457886399674, -135.5756163019498)",DC Fast,Electric Bike,Weekly,9,Substation_470
2020-01-15 12:00:00,Urban,Residential,428.15557787475643,"(21.013012971309866, -89.33001011359114)",Type 2,Electric Scooter,Occasional,8,Substation_470
2020-01-15 12:00:00,Urban,Residential,428.15557787475643,"(21.013012971309866, -89.33001011359114)",Type 2,Electric Scooter,Occasional,8,Substation_470
2020-01-15 12:00:00,Urban,Residential,428.15557787475643,"(21.013012971309866, -89.33001011359114)",Type 2,Electric Scooter,Occasional,8,Substation_470
2020-02-04 21:00:00,Urban,Residential,400.1645959261209,"(59.359457886399674, -135.5756163019498)",DC Fast,Electric Bike,Weekly,9,Substation_470
2020-01-15 12:00:00,Urban,Residential,428.15557787475643,"(21.013012971309866, -89.33001011359114)",Type 2,Electric Scooter,Occasional,8,Substation_470
2020-01-15 12:00:00,Urban,Residential,428.15557787475643,"(21.013012971309866, -89.33001011359114)",Type 2,Electric Scooter,Occasional,8,Substation_470
